Data,Disease
/MPOX_N/Chickenpox/1.jfif,Chichkenpox
/MPOX_N/Chickenpox/2.jfif,Chichkenpox
/MPOX_N/Chickenpox/3.jfif,Chichkenpox
/MPOX_N/Chickenpox/4.jfif,Chichkenpox
/MPOX_N/Chickenpox/5.jfif,Chichkenpox
/MPOX_N/Chickenpox/6.jfif,Chichkenpox
/MPOX_N/Chickenpox/7.jfif,Chichkenpox
/MPOX_N/Chickenpox/8.jfif,Chichkenpox
/MPOX_N/Chickenpox/9.jfif,Chichkenpox
/MPOX_N/Chickenpox/10.jfif,Chichkenpox
/MPOX_N/Chickenpox/11.jfif,Chichkenpox
/MPOX_N/Chickenpox/12.jfif,Chichkenpox
/MPOX_N/Chickenpox/13.jfif,Chichkenpox
/MPOX_N/Chickenpox/14.jfif,Chichkenpox
/MPOX_N/Chickenpox/15.jfif,Chichkenpox
/MPOX_N/Chickenpox/16.jfif,Chichkenpox
/MPOX_N/Chickenpox/17.jfif,Chichkenpox
/MPOX_N/Chickenpox/18.jfif,Chichkenpox
/MPOX_N/Chickenpox/19.jfif,Chichkenpox
/MPOX_N/Chickenpox/20.jfif,Chichkenpox
/MPOX_N/Chickenpox/21.jfif,Chichkenpox
/MPOX_N/Chickenpox/22.jfif,Chichkenpox
/MPOX_N/Chickenpox/23.jfif,Chichkenpox
/MPOX_N/Chickenpox/24.jfif,Chichkenpox
/MPOX_N/Chickenpox/25.jfif,Chichkenpox
/MPOX_N/Chickenpox/26.jfif,Chichkenpox
/MPOX_N/Chickenpox/27.jfif,Chichkenpox
/MPOX_N/Chickenpox/28.jfif,Chichkenpox
/MPOX_N/Chickenpox/29.jfif,Chichkenpox
/MPOX_N/Chickenpox/30.jfif,Chichkenpox
/MPOX_N/Chickenpox/31.jfif,Chichkenpox
/MPOX_N/Chickenpox/32.jfif,Chichkenpox
/MPOX_N/Chickenpox/33.jfif,Chichkenpox
/MPOX_N/Chickenpox/34.jfif,Chichkenpox
/MPOX_N/Chickenpox/35.jfif,Chichkenpox
/MPOX_N/Chickenpox/36.jfif,Chichkenpox
/MPOX_N/Chickenpox/37.jfif,Chichkenpox
/MPOX_N/Chickenpox/38.jfif,Chichkenpox
/MPOX_N/Chickenpox/39.jfif,Chichkenpox
/MPOX_N/Chickenpox/40.jfif,Chichkenpox
/MPOX_N/Chickenpox/41.jfif,Chichkenpox
/MPOX_N/Chickenpox/42.jfif,Chichkenpox
/MPOX_N/Chickenpox/43.jfif,Chichkenpox
/MPOX_N/Chickenpox/44.jfif,Chichkenpox
/MPOX_N/Chickenpox/45.jfif,Chichkenpox
/MPOX_N/Chickenpox/46.jfif,Chichkenpox
/MPOX_N/Chickenpox/47.jfif,Chichkenpox
/MPOX_N/Chickenpox/48.jpg,Chichkenpox
/MPOX_N/Chickenpox/49.jpg,Chichkenpox
/MPOX_N/Chickenpox/50.jpg,Chichkenpox
/MPOX_N/Chickenpox/51.jpg,Chichkenpox
/MPOX_N/Chickenpox/52.jpg,Chichkenpox
/MPOX_N/Chickenpox/53.jpg,Chichkenpox
/MPOX_N/Chickenpox/54.jpg,Chichkenpox
/MPOX_N/Chickenpox/55.jpg,Chichkenpox
/MPOX_N/Chickenpox/56.jpg,Chichkenpox
/MPOX_N/Chickenpox/57.jpg,Chichkenpox
/MPOX_N/Chickenpox/58.jpg,Chichkenpox
/MPOX_N/Chickenpox/59.jpg,Chichkenpox
/MPOX_N/Chickenpox/60.jpg,Chichkenpox
/MPOX_N/Chickenpox/61.jpg,Chichkenpox
/MPOX_N/Chickenpox/62.jpg,Chichkenpox
/MPOX_N/Chickenpox/63.jpg,Chichkenpox
/MPOX_N/Chickenpox/64.jpg,Chichkenpox
/MPOX_N/Chickenpox/65.jpg,Chichkenpox
/MPOX_N/Chickenpox/66.jpg,Chichkenpox
/MPOX_N/Chickenpox/67.jpg,Chichkenpox
/MPOX_N/Chickenpox/68.jpg,Chichkenpox
/MPOX_N/Chickenpox/69.jpg,Chichkenpox
/MPOX_N/Chickenpox/70.jpg,Chichkenpox
/MPOX_N/Chickenpox/71.jpg,Chichkenpox
/MPOX_N/Chickenpox/72.jpg,Chichkenpox
/MPOX_N/Chickenpox/73.jpg,Chichkenpox
/MPOX_N/Chickenpox/74.jpg,Chichkenpox
/MPOX_N/Chickenpox/75.jpg,Chichkenpox
/MPOX_N/Chickenpox/76.jpg,Chichkenpox
/MPOX_N/Chickenpox/77.jpg,Chichkenpox
/MPOX_N/Chickenpox/78.jpg,Chichkenpox
/MPOX_N/Chickenpox/79.jpg,Chichkenpox
/MPOX_N/Chickenpox/80.jpg,Chichkenpox
/MPOX_N/Chickenpox/81.jpg,Chichkenpox
/MPOX_N/Chickenpox/82.jpg,Chichkenpox
/MPOX_N/Chickenpox/83.jpg,Chichkenpox
/MPOX_N/Chickenpox/84.jpg,Chichkenpox
/MPOX_N/Chickenpox/85.jpg,Chichkenpox
/MPOX_N/Chickenpox/86.jpg,Chichkenpox
/MPOX_N/Chickenpox/87.jpg,Chichkenpox
/MPOX_N/Chickenpox/88.jpg,Chichkenpox
/MPOX_N/Chickenpox/89.jpg,Chichkenpox
/MPOX_N/Chickenpox/90.jpg,Chichkenpox
/MPOX_N/Chickenpox/91.jpg,Chichkenpox
/MPOX_N/Chickenpox/92.jpg,Chichkenpox
/MPOX_N/Chickenpox/93.jpg,Chichkenpox
/MPOX_N/Chickenpox/94.jpg,Chichkenpox
/MPOX_N/Chickenpox/95.jpg,Chichkenpox
/MPOX_N/Chickenpox/96.jpg,Chichkenpox
/MPOX_N/Chickenpox/97.jpg,Chichkenpox
/MPOX_N/Chickenpox/98.jpg,Chichkenpox
/MPOX_N/Chickenpox/99.jpg,Chichkenpox
/MPOX_N/Chickenpox/100.jpg,Chichkenpox
/MPOX_N/Chickenpox/101.jpg,Chichkenpox
/MPOX_N/Chickenpox/102.jpg,Chichkenpox
/MPOX_N/Chickenpox/103.jpg,Chichkenpox
/MPOX_N/Chickenpox/104.jpg,Chichkenpox
/MPOX_N/Chickenpox/105.jpg,Chichkenpox
/MPOX_N/Chickenpox/106.jpg,Chichkenpox
/MPOX_N/Chickenpox/107.jpg,Chichkenpox
/MPOX_N/Chickenpox/108.jpg,Chichkenpox
/MPOX_N/Chickenpox/109.jpg,Chichkenpox
/MPOX_N/Chickenpox/110.jpg,Chichkenpox
/MPOX_N/Chickenpox/111.jpg,Chichkenpox
/MPOX_N/Chickenpox/112.jpg,Chichkenpox
/MPOX_N/Chickenpox/113.jpg,Chichkenpox
/MPOX_N/Chickenpox/114.jpg,Chichkenpox
/MPOX_N/Chickenpox/115.jpg,Chichkenpox
/MPOX_N/Chickenpox/116.jpg,Chichkenpox
/MPOX_N/Chickenpox/117.jpg,Chichkenpox
/MPOX_N/Chickenpox/118.jpg,Chichkenpox
/MPOX_N/Chickenpox/119.jpg,Chichkenpox
/MPOX_N/Chickenpox/120.jpg,Chichkenpox
/MPOX_N/Chickenpox/121.jpg,Chichkenpox
/MPOX_N/Chickenpox/122.jpg,Chichkenpox
/MPOX_N/Chickenpox/123.jpg,Chichkenpox
/MPOX_N/Chickenpox/124.jpg,Chichkenpox
/MPOX_N/Chickenpox/125.jpg,Chichkenpox
/MPOX_N/Chickenpox/126.jpg,Chichkenpox
/MPOX_N/Chickenpox/127.jpg,Chichkenpox
/MPOX_N/Chickenpox/128.jpg,Chichkenpox
/MPOX_N/Chickenpox/129.jpg,Chichkenpox
/MPOX_N/Chickenpox/130.jpg,Chichkenpox
/MPOX_N/Chickenpox/131.jpg,Chichkenpox
/MPOX_N/Chickenpox/132.jpg,Chichkenpox
/MPOX_N/Chickenpox/133.jpg,Chichkenpox
/MPOX_N/Chickenpox/134.jpg,Chichkenpox
/MPOX_N/Chickenpox/135.jpg,Chichkenpox
/MPOX_N/Chickenpox/136.jpg,Chichkenpox
/MPOX_N/Chickenpox/137.jpg,Chichkenpox
/MPOX_N/Chickenpox/138.jpg,Chichkenpox
/MPOX_N/Chickenpox/139.jpg,Chichkenpox
/MPOX_N/Chickenpox/140.jpg,Chichkenpox
/MPOX_N/Chickenpox/141.jpg,Chichkenpox
/MPOX_N/Chickenpox/142.jpg,Chichkenpox
/MPOX_N/Chickenpox/143.jpg,Chichkenpox
/MPOX_N/Chickenpox/144.jpg,Chichkenpox
/MPOX_N/Chickenpox/145.jpg,Chichkenpox
/MPOX_N/Chickenpox/146.jpg,Chichkenpox
/MPOX_N/Chickenpox/147.jpg,Chichkenpox
/MPOX_N/Chickenpox/148.jpg,Chichkenpox
/MPOX_N/Chickenpox/149.jpg,Chichkenpox
/MPOX_N/Chickenpox/150.jpg,Chichkenpox
/MPOX_N/Chickenpox/151.jpg,Chichkenpox
/MPOX_N/Chickenpox/152.jpg,Chichkenpox
/MPOX_N/Chickenpox/153.jpg,Chichkenpox
/MPOX_N/Chickenpox/154.jpg,Chichkenpox
/MPOX_N/Chickenpox/155.jpg,Chichkenpox
/MPOX_N/Chickenpox/156.jpg,Chichkenpox
/MPOX_N/Chickenpox/157.jpg,Chichkenpox
/MPOX_N/Chickenpox/158.jpg,Chichkenpox
/MPOX_N/Chickenpox/159.jpg,Chichkenpox
/MPOX_N/Chickenpox/160.jpg,Chichkenpox
/MPOX_N/Chickenpox/161.jpg,Chichkenpox
/MPOX_N/Chickenpox/162.jpg,Chichkenpox
/MPOX_N/Chickenpox/163.jpg,Chichkenpox
/MPOX_N/Chickenpox/164.jpg,Chichkenpox
/MPOX_N/Chickenpox/165.jpg,Chichkenpox
/MPOX_N/Chickenpox/166.jpg,Chichkenpox
/MPOX_N/Chickenpox/167.jpg,Chichkenpox
/MPOX_N/Chickenpox/168.jpg,Chichkenpox
/MPOX_N/Chickenpox/169.jpg,Chichkenpox
/MPOX_N/Chickenpox/170.jpg,Chichkenpox
/MPOX_N/Chickenpox/171.jpg,Chichkenpox
/MPOX_N/Chickenpox/172.jpg,Chichkenpox
/MPOX_N/Chickenpox/173.jpg,Chichkenpox
/MPOX_N/Chickenpox/174.jpg,Chichkenpox
/MPOX_N/Chickenpox/175.jpg,Chichkenpox
/MPOX_N/Chickenpox/176.jpg,Chichkenpox
/MPOX_N/Chickenpox/177.jpg,Chichkenpox
/MPOX_N/Chickenpox/178.jpg,Chichkenpox
/MPOX_N/Chickenpox/179.jpg,Chichkenpox
/MPOX_N/Chickenpox/180.jpg,Chichkenpox
/MPOX_N/Chickenpox/181.jpg,Chichkenpox
/MPOX_N/Chickenpox/182.jpg,Chichkenpox
/MPOX_N/Chickenpox/183.jpg,Chichkenpox
/MPOX_N/Chickenpox/184.jpg,Chichkenpox
/MPOX_N/Chickenpox/185.jpg,Chichkenpox
/MPOX_N/Chickenpox/186.jpg,Chichkenpox
/MPOX_N/Chickenpox/187.jpg,Chichkenpox
/MPOX_N/Chickenpox/188.jpg,Chichkenpox
/MPOX_N/Chickenpox/189.jpg,Chichkenpox
/MPOX_N/Chickenpox/190.jpg,Chichkenpox
/MPOX_N/Chickenpox/191.jpg,Chichkenpox
/MPOX_N/Chickenpox/192.jpg,Chichkenpox
/MPOX_N/Chickenpox/193.jpg,Chichkenpox
/MPOX_N/Chickenpox/194.jpg,Chichkenpox
/MPOX_N/Chickenpox/195.jpg,Chichkenpox
/MPOX_N/Chickenpox/196.jpg,Chichkenpox
/MPOX_N/Chickenpox/197.jpg,Chichkenpox
/MPOX_N/Chickenpox/198.jpg,Chichkenpox
/MPOX_N/Chickenpox/199.jpg,Chichkenpox
/MPOX_N/Chickenpox/200.jpg,Chichkenpox
/MPOX_N/Chickenpox/201.jpg,Chichkenpox
/MPOX_N/Chickenpox/202.jpg,Chichkenpox
/MPOX_N/Chickenpox/203.jpg,Chichkenpox
/MPOX_N/Chickenpox/204.jpg,Chichkenpox
/MPOX_N/Chickenpox/205.jpg,Chichkenpox
/MPOX_N/Chickenpox/206.jpg,Chichkenpox
/MPOX_N/Chickenpox/207.jpg,Chichkenpox
/MPOX_N/Chickenpox/208.jpg,Chichkenpox
/MPOX_N/Chickenpox/209.jpg,Chichkenpox
/MPOX_N/Chickenpox/210.jpg,Chichkenpox
/MPOX_N/Chickenpox/211.jpg,Chichkenpox
/MPOX_N/Chickenpox/212.jpg,Chichkenpox
/MPOX_N/Chickenpox/213.jpg,Chichkenpox
/MPOX_N/Chickenpox/214.jpg,Chichkenpox
/MPOX_N/Chickenpox/215.jpg,Chichkenpox
/MPOX_N/Chickenpox/216.jpg,Chichkenpox
/MPOX_N/Chickenpox/217.jpg,Chichkenpox
/MPOX_N/Chickenpox/218.jpg,Chichkenpox
/MPOX_N/Chickenpox/219.jpg,Chichkenpox
/MPOX_N/Chickenpox/220.jpg,Chichkenpox
/MPOX_N/Chickenpox/221.jpg,Chichkenpox
/MPOX_N/Chickenpox/222.jpg,Chichkenpox
/MPOX_N/Chickenpox/223.jpg,Chichkenpox
/MPOX_N/Chickenpox/224.jpg,Chichkenpox
/MPOX_N/Chickenpox/225.jpg,Chichkenpox
/MPOX_N/Cowpox/1.jpg,Cowpox
/MPOX_N/Cowpox/2.jpg,Cowpox
/MPOX_N/Cowpox/3.jpg,Cowpox
/MPOX_N/Cowpox/4.jpg,Cowpox
/MPOX_N/Cowpox/5.jpg,Cowpox
/MPOX_N/Cowpox/6.jpg,Cowpox
/MPOX_N/Cowpox/7.jpg,Cowpox
/MPOX_N/Cowpox/8.jpg,Cowpox
/MPOX_N/Cowpox/9.jpg,Cowpox
/MPOX_N/Cowpox/10.jpg,Cowpox
/MPOX_N/Cowpox/11.jpg,Cowpox
/MPOX_N/Cowpox/12.jpg,Cowpox
/MPOX_N/Cowpox/13.jpg,Cowpox
/MPOX_N/Cowpox/14.jpg,Cowpox
/MPOX_N/Cowpox/15.jpg,Cowpox
/MPOX_N/Cowpox/16.jpg,Cowpox
/MPOX_N/Cowpox/17.jpg,Cowpox
/MPOX_N/Cowpox/18.jpg,Cowpox
/MPOX_N/Cowpox/19.jpg,Cowpox
/MPOX_N/Cowpox/20.jpg,Cowpox
/MPOX_N/Cowpox/21.jpg,Cowpox
/MPOX_N/Cowpox/22.jpg,Cowpox
/MPOX_N/Cowpox/23.jpg,Cowpox
/MPOX_N/Cowpox/24.jpg,Cowpox
/MPOX_N/Cowpox/25.jpg,Cowpox
/MPOX_N/Cowpox/26.jpg,Cowpox
/MPOX_N/Cowpox/27.jpg,Cowpox
/MPOX_N/Cowpox/28.jpg,Cowpox
/MPOX_N/Cowpox/29.jpg,Cowpox
/MPOX_N/Cowpox/30.jpg,Cowpox
/MPOX_N/Cowpox/31.jpg,Cowpox
/MPOX_N/Cowpox/32.jpg,Cowpox
/MPOX_N/Cowpox/33.jpg,Cowpox
/MPOX_N/Cowpox/34.jpg,Cowpox
/MPOX_N/Cowpox/35.jpg,Cowpox
/MPOX_N/Cowpox/36.jpg,Cowpox
/MPOX_N/Cowpox/37.jpg,Cowpox
/MPOX_N/Cowpox/38.jpg,Cowpox
/MPOX_N/Cowpox/39.jpg,Cowpox
/MPOX_N/Cowpox/40.jpg,Cowpox
/MPOX_N/Cowpox/41.jpg,Cowpox
/MPOX_N/Cowpox/42.jpg,Cowpox
/MPOX_N/Cowpox/43.jpg,Cowpox
/MPOX_N/Cowpox/44.jpg,Cowpox
/MPOX_N/Cowpox/45.jpg,Cowpox
/MPOX_N/Cowpox/46.jpg,Cowpox
/MPOX_N/Cowpox/47.jpg,Cowpox
/MPOX_N/Cowpox/48.jpg,Cowpox
/MPOX_N/Cowpox/49.jpg,Cowpox
/MPOX_N/Cowpox/50.jpg,Cowpox
/MPOX_N/Cowpox/51.jpg,Cowpox
/MPOX_N/Cowpox/52.jpg,Cowpox
/MPOX_N/Cowpox/53.jpg,Cowpox
/MPOX_N/Cowpox/54.jpg,Cowpox
/MPOX_N/Measles/1.jfif,Measles
/MPOX_N/Measles/2.jfif,Measles
/MPOX_N/Measles/3.jfif,Measles
/MPOX_N/Measles/4.jfif,Measles
/MPOX_N/Measles/5.jfif,Measles
/MPOX_N/Measles/6.jfif,Measles
/MPOX_N/Measles/7.jfif,Measles
/MPOX_N/Measles/8.jfif,Measles
/MPOX_N/Measles/9.jfif,Measles
/MPOX_N/Measles/10.jfif,Measles
/MPOX_N/Measles/11.jfif,Measles
/MPOX_N/Measles/12.jfif,Measles
/MPOX_N/Measles/13.jfif,Measles
/MPOX_N/Measles/14.jfif,Measles
/MPOX_N/Measles/15.jfif,Measles
/MPOX_N/Measles/16.jfif,Measles
/MPOX_N/Measles/17.jfif,Measles
/MPOX_N/Measles/18.jfif,Measles
/MPOX_N/Measles/19.jfif,Measles
/MPOX_N/Measles/20.jfif,Measles
/MPOX_N/Measles/21.jfif,Measles
/MPOX_N/Measles/22.jfif,Measles
/MPOX_N/Measles/23.jfif,Measles
/MPOX_N/Measles/24.jfif,Measles
/MPOX_N/Measles/25.jfif,Measles
/MPOX_N/Measles/26.jfif,Measles
/MPOX_N/Measles/27.jfif,Measles
/MPOX_N/Measles/28.jpg,Measles
/MPOX_N/Measles/29.jpg,Measles
/MPOX_N/Measles/30.jpg,Measles
/MPOX_N/Measles/31.jpg,Measles
/MPOX_N/Measles/32.jpg,Measles
/MPOX_N/Measles/33.jpg,Measles
/MPOX_N/Measles/34.jpg,Measles
/MPOX_N/Measles/35.jpg,Measles
/MPOX_N/Measles/36.jpg,Measles
/MPOX_N/Measles/37.jpg,Measles
/MPOX_N/Measles/38.jpg,Measles
/MPOX_N/Measles/39.jpg,Measles
/MPOX_N/Measles/40.jpg,Measles
/MPOX_N/Measles/41.jpg,Measles
/MPOX_N/Measles/42.jpg,Measles
/MPOX_N/Measles/43.jpg,Measles
/MPOX_N/Measles/44.jpg,Measles
/MPOX_N/Measles/45.jpg,Measles
/MPOX_N/Measles/46.jpg,Measles
/MPOX_N/Measles/47.jpg,Measles
/MPOX_N/Measles/48.jpg,Measles
/MPOX_N/Measles/49.jpg,Measles
/MPOX_N/Measles/50.jpg,Measles
/MPOX_N/Measles/51.jpg,Measles
/MPOX_N/Measles/52.jpg,Measles
/MPOX_N/Measles/53.jpg,Measles
/MPOX_N/Measles/54.jpg,Measles
/MPOX_N/Measles/55.jpg,Measles
/MPOX_N/Measles/56.jpg,Measles
/MPOX_N/Measles/57.jpg,Measles
/MPOX_N/Measles/58.jpg,Measles
/MPOX_N/Measles/59.jpg,Measles
/MPOX_N/Measles/60.jpg,Measles
/MPOX_N/Measles/61.jpg,Measles
/MPOX_N/Measles/62.jpg,Measles
/MPOX_N/Measles/63.jpg,Measles
/MPOX_N/Measles/64.jpg,Measles
/MPOX_N/Measles/65.jpg,Measles
/MPOX_N/Measles/66.jpg,Measles
/MPOX_N/Measles/67.jpg,Measles
/MPOX_N/Measles/68.jpg,Measles
/MPOX_N/Measles/69.jpg,Measles
/MPOX_N/Measles/70.jpg,Measles
/MPOX_N/Measles/71.jpg,Measles
/MPOX_N/Measles/72.jpg,Measles
/MPOX_N/Measles/73.jpg,Measles
/MPOX_N/Measles/74.jpg,Measles
/MPOX_N/Monkeypox/1.jfif,Monkeypox
/MPOX_N/Monkeypox/2.jfif,Monkeypox
/MPOX_N/Monkeypox/3.jfif,Monkeypox
/MPOX_N/Monkeypox/4.jfif,Monkeypox
/MPOX_N/Monkeypox/5.jfif,Monkeypox
/MPOX_N/Monkeypox/6.jfif,Monkeypox
/MPOX_N/Monkeypox/7.jfif,Monkeypox
/MPOX_N/Monkeypox/8.jfif,Monkeypox
/MPOX_N/Monkeypox/9.jfif,Monkeypox
/MPOX_N/Monkeypox/10.jfif,Monkeypox
/MPOX_N/Monkeypox/11.jfif,Monkeypox
/MPOX_N/Monkeypox/12.jfif,Monkeypox
/MPOX_N/Monkeypox/13.jfif,Monkeypox
/MPOX_N/Monkeypox/14.jfif,Monkeypox
/MPOX_N/Monkeypox/15.jfif,Monkeypox
/MPOX_N/Monkeypox/16.jfif,Monkeypox
/MPOX_N/Monkeypox/17.jfif,Monkeypox
/MPOX_N/Monkeypox/18.jfif,Monkeypox
/MPOX_N/Monkeypox/19.jfif,Monkeypox
/MPOX_N/Monkeypox/20.jfif,Monkeypox
/MPOX_N/Monkeypox/21.jfif,Monkeypox
/MPOX_N/Monkeypox/22.jfif,Monkeypox
/MPOX_N/Monkeypox/23.jfif,Monkeypox
/MPOX_N/Monkeypox/24.jfif,Monkeypox
/MPOX_N/Monkeypox/25.jfif,Monkeypox
/MPOX_N/Monkeypox/26.jfif,Monkeypox
/MPOX_N/Monkeypox/27.jfif,Monkeypox
/MPOX_N/Monkeypox/28.jfif,Monkeypox
/MPOX_N/Monkeypox/29.jfif,Monkeypox
/MPOX_N/Monkeypox/30.jfif,Monkeypox
/MPOX_N/Monkeypox/31.jfif,Monkeypox
/MPOX_N/Monkeypox/32.jfif,Monkeypox
/MPOX_N/Monkeypox/33.jfif,Monkeypox
/MPOX_N/Monkeypox/34.jfif,Monkeypox
/MPOX_N/Monkeypox/35.jfif,Monkeypox
/MPOX_N/Monkeypox/36.jfif,Monkeypox
/MPOX_N/Monkeypox/37.jfif,Monkeypox
/MPOX_N/Monkeypox/38.jfif,Monkeypox
/MPOX_N/Monkeypox/39.jfif,Monkeypox
/MPOX_N/Monkeypox/40.jfif,Monkeypox
/MPOX_N/Monkeypox/41.jfif,Monkeypox
/MPOX_N/Monkeypox/42.jfif,Monkeypox
/MPOX_N/Monkeypox/43.jfif,Monkeypox
/MPOX_N/Monkeypox/44.jpg,Monkeypox
/MPOX_N/Monkeypox/45.jpg,Monkeypox
/MPOX_N/Monkeypox/46.jpg,Monkeypox
/MPOX_N/Monkeypox/47.jpg,Monkeypox
/MPOX_N/Monkeypox/48.jpg,Monkeypox
/MPOX_N/Monkeypox/49.jpg,Monkeypox
/MPOX_N/Monkeypox/50.jpg,Monkeypox
/MPOX_N/Monkeypox/51.jpg,Monkeypox
/MPOX_N/Monkeypox/52.jpg,Monkeypox
/MPOX_N/Monkeypox/53.jpg,Monkeypox
/MPOX_N/Monkeypox/54.jpg,Monkeypox
/MPOX_N/Monkeypox/55.jpg,Monkeypox
/MPOX_N/Monkeypox/56.jpg,Monkeypox
/MPOX_N/Monkeypox/57.jpg,Monkeypox
/MPOX_N/Monkeypox/58.jpg,Monkeypox
/MPOX_N/Monkeypox/59.jpg,Monkeypox
/MPOX_N/Monkeypox/60.jpg,Monkeypox
/MPOX_N/Monkeypox/61.jpg,Monkeypox
/MPOX_N/Monkeypox/62.jpg,Monkeypox
/MPOX_N/Monkeypox/63.jpg,Monkeypox
/MPOX_N/Monkeypox/64.jpg,Monkeypox
/MPOX_N/Monkeypox/65.jpg,Monkeypox
/MPOX_N/Monkeypox/66.jpg,Monkeypox
/MPOX_N/Monkeypox/67.jpg,Monkeypox
/MPOX_N/Monkeypox/68.jpg,Monkeypox
/MPOX_N/Monkeypox/69.jpg,Monkeypox
/MPOX_N/Monkeypox/70.jpg,Monkeypox
/MPOX_N/Monkeypox/71.jpg,Monkeypox
/MPOX_N/Monkeypox/72.jpg,Monkeypox
/MPOX_N/Monkeypox/73.jpg,Monkeypox
/MPOX_N/Monkeypox/74.jpg,Monkeypox
/MPOX_N/Monkeypox/75.jpg,Monkeypox
/MPOX_N/Monkeypox/76.jpg,Monkeypox
/MPOX_N/Monkeypox/77.jpg,Monkeypox
/MPOX_N/Monkeypox/78.jpg,Monkeypox
/MPOX_N/Monkeypox/79.jpg,Monkeypox
/MPOX_N/Monkeypox/80.jpg,Monkeypox
/MPOX_N/Monkeypox/81.jpg,Monkeypox
/MPOX_N/Monkeypox/82.jpg,Monkeypox
/MPOX_N/Monkeypox/83.jpg,Monkeypox
/MPOX_N/Monkeypox/84.jpg,Monkeypox
/MPOX_N/Monkeypox/85.jpg,Monkeypox
/MPOX_N/Monkeypox/86.jpg,Monkeypox
/MPOX_N/Monkeypox/87.jpg,Monkeypox
/MPOX_N/Monkeypox/88.jpg,Monkeypox
/MPOX_N/Monkeypox/89.jpg,Monkeypox
/MPOX_N/Monkeypox/90.jpg,Monkeypox
/MPOX_N/Monkeypox/91.jpg,Monkeypox
/MPOX_N/Monkeypox/92.jpg,Monkeypox
/MPOX_N/Monkeypox/93.jpg,Monkeypox
/MPOX_N/Monkeypox/94.jpg,Monkeypox
/MPOX_N/Monkeypox/95.jpg,Monkeypox
/MPOX_N/Monkeypox/96.jpg,Monkeypox
/MPOX_N/Monkeypox/97.jpg,Monkeypox
/MPOX_N/Monkeypox/98.jpg,Monkeypox
/MPOX_N/Monkeypox/99.jpg,Monkeypox
/MPOX_N/Monkeypox/100.jpg,Monkeypox
/MPOX_N/Monkeypox/101.jpg,Monkeypox
/MPOX_N/Monkeypox/102.jpg,Monkeypox
/MPOX_N/Monkeypox/103.jpg,Monkeypox
/MPOX_N/Monkeypox/104.jpg,Monkeypox
/MPOX_N/Monkeypox/105.jpg,Monkeypox
/MPOX_N/Monkeypox/106.jpg,Monkeypox
/MPOX_N/Monkeypox/107.jpg,Monkeypox
/MPOX_N/Monkeypox/108.jpg,Monkeypox
/MPOX_N/Monkeypox/109.jpg,Monkeypox
/MPOX_N/Monkeypox/110.jpg,Monkeypox
/MPOX_N/Monkeypox/111.jpg,Monkeypox
/MPOX_N/Monkeypox/112.jpg,Monkeypox
/MPOX_N/Monkeypox/113.jpg,Monkeypox
/MPOX_N/Monkeypox/114.jpg,Monkeypox
/MPOX_N/Monkeypox/115.jpg,Monkeypox
/MPOX_N/Monkeypox/116.jpg,Monkeypox
/MPOX_N/Monkeypox/117.jpg,Monkeypox
/MPOX_N/Monkeypox/118.jpg,Monkeypox
/MPOX_N/Monkeypox/119.jpg,Monkeypox
/MPOX_N/Monkeypox/120.jpg,Monkeypox
/MPOX_N/Monkeypox/121.jpg,Monkeypox
/MPOX_N/Monkeypox/122.jpg,Monkeypox
/MPOX_N/Monkeypox/123.jpg,Monkeypox
/MPOX_N/Monkeypox/124.jpg,Monkeypox
/MPOX_N/Monkeypox/125.jpg,Monkeypox
/MPOX_N/Monkeypox/126.jpg,Monkeypox
/MPOX_N/Monkeypox/127.jpg,Monkeypox
/MPOX_N/Monkeypox/128.jpg,Monkeypox
/MPOX_N/Monkeypox/129.jpg,Monkeypox
/MPOX_N/Monkeypox/130.jpg,Monkeypox
/MPOX_N/Monkeypox/131.jpg,Monkeypox
/MPOX_N/Monkeypox/132.jpg,Monkeypox
/MPOX_N/Monkeypox/133.jpg,Monkeypox
/MPOX_N/Monkeypox/134.jpg,Monkeypox
/MPOX_N/Monkeypox/135.jpg,Monkeypox
/MPOX_N/Monkeypox/136.jpg,Monkeypox
/MPOX_N/Monkeypox/137.jpg,Monkeypox
/MPOX_N/Monkeypox/138.jpg,Monkeypox
/MPOX_N/Monkeypox/139.jpg,Monkeypox
/MPOX_N/Monkeypox/140.jpg,Monkeypox
/MPOX_N/Monkeypox/141.jpg,Monkeypox
/MPOX_N/Monkeypox/142.jpg,Monkeypox
/MPOX_N/Monkeypox/143.jpg,Monkeypox
/MPOX_N/Monkeypox/144.jpg,Monkeypox
/MPOX_N/Monkeypox/145.jpg,Monkeypox
/MPOX_N/Monkeypox/146.jpg,Monkeypox
/MPOX_N/Monkeypox/147.jpg,Monkeypox
/MPOX_N/Monkeypox/148.jpg,Monkeypox
/MPOX_N/Monkeypox/149.jpg,Monkeypox
/MPOX_N/Monkeypox/150.jpg,Monkeypox
/MPOX_N/Monkeypox/151.jpg,Monkeypox
/MPOX_N/Monkeypox/152.jpg,Monkeypox
/MPOX_N/Monkeypox/153.jpg,Monkeypox
/MPOX_N/Monkeypox/154.jpg,Monkeypox
/MPOX_N/Monkeypox/155.jpg,Monkeypox
/MPOX_N/Monkeypox/156.jpg,Monkeypox
/MPOX_N/Monkeypox/157.jpg,Monkeypox
/MPOX_N/Monkeypox/158.jpg,Monkeypox
/MPOX_N/Monkeypox/159.jpg,Monkeypox
/MPOX_N/Monkeypox/160.jpg,Monkeypox
/MPOX_N/Monkeypox/161.jpg,Monkeypox
/MPOX_N/Monkeypox/162.jpg,Monkeypox
/MPOX_N/Monkeypox/163.jpg,Monkeypox
/MPOX_N/Monkeypox/164.jpg,Monkeypox
/MPOX_N/Monkeypox/165.jpg,Monkeypox
/MPOX_N/Monkeypox/166.jpg,Monkeypox
/MPOX_N/Monkeypox/167.jpg,Monkeypox
/MPOX_N/Monkeypox/168.jpg,Monkeypox
/MPOX_N/Monkeypox/169.jpg,Monkeypox
/MPOX_N/Monkeypox/170.jpg,Monkeypox
/MPOX_N/Monkeypox/171.jpg,Monkeypox
/MPOX_N/Monkeypox/172.jpg,Monkeypox
/MPOX_N/Monkeypox/173.jpg,Monkeypox
/MPOX_N/Monkeypox/174.jpg,Monkeypox
/MPOX_N/Monkeypox/175.jpg,Monkeypox
/MPOX_N/Monkeypox/176.jpg,Monkeypox
/MPOX_N/Monkeypox/177.jpg,Monkeypox
/MPOX_N/Monkeypox/178.jpg,Monkeypox
/MPOX_N/Monkeypox/179.jpg,Monkeypox
/MPOX_N/Monkeypox/180.jpg,Monkeypox
/MPOX_N/Monkeypox/181.jpg,Monkeypox
/MPOX_N/Monkeypox/182.jpg,Monkeypox
/MPOX_N/Monkeypox/183.jpg,Monkeypox
/MPOX_N/Monkeypox/184.jpg,Monkeypox
/MPOX_N/Monkeypox/185.jpg,Monkeypox
/MPOX_N/Monkeypox/186.jpg,Monkeypox
/MPOX_N/Monkeypox/187.jpg,Monkeypox
/MPOX_N/Monkeypox/188.jpg,Monkeypox
/MPOX_N/Monkeypox/189.jpg,Monkeypox
/MPOX_N/Monkeypox/190.jpg,Monkeypox
/MPOX_N/Monkeypox/191.jpg,Monkeypox
/MPOX_N/Monkeypox/192.jpg,Monkeypox
/MPOX_N/Monkeypox/193.jpg,Monkeypox
/MPOX_N/Monkeypox/194.jpg,Monkeypox
/MPOX_N/Monkeypox/195.jpg,Monkeypox
/MPOX_N/Monkeypox/196.jpg,Monkeypox
/MPOX_N/Monkeypox/197.jpg,Monkeypox
/MPOX_N/Monkeypox/198.jpg,Monkeypox
/MPOX_N/Monkeypox/199.jpg,Monkeypox
/MPOX_N/Monkeypox/200.jpg,Monkeypox
/MPOX_N/Monkeypox/201.jpg,Monkeypox
/MPOX_N/Monkeypox/202.jpg,Monkeypox
/MPOX_N/Monkeypox/203.jpg,Monkeypox
/MPOX_N/Normal/1.jfif,Normal
/MPOX_N/Normal/2.jfif,Normal
/MPOX_N/Normal/3.jfif,Normal
/MPOX_N/Normal/4.jfif,Normal
/MPOX_N/Normal/5.jfif,Normal
/MPOX_N/Normal/6.jfif,Normal
/MPOX_N/Normal/7.jfif,Normal
/MPOX_N/Normal/8.jfif,Normal
/MPOX_N/Normal/9.jfif,Normal
/MPOX_N/Normal/10.jfif,Normal
/MPOX_N/Normal/11.jfif,Normal
/MPOX_N/Normal/12.jfif,Normal
/MPOX_N/Normal/13.jfif,Normal
/MPOX_N/Normal/14.jfif,Normal
/MPOX_N/Normal/15.jfif,Normal
/MPOX_N/Normal/16.jfif,Normal
/MPOX_N/Normal/17.jfif,Normal
/MPOX_N/Normal/18.jfif,Normal
/MPOX_N/Normal/19.jfif,Normal
/MPOX_N/Normal/20.jfif,Normal
/MPOX_N/Normal/21.jfif,Normal
/MPOX_N/Normal/22.jfif,Normal
/MPOX_N/Normal/23.jfif,Normal
/MPOX_N/Normal/24.jfif,Normal
/MPOX_N/Normal/25.jfif,Normal
/MPOX_N/Normal/26.jfif,Normal
/MPOX_N/Normal/27.jfif,Normal
/MPOX_N/Normal/28.jfif,Normal
/MPOX_N/Normal/29.jfif,Normal
/MPOX_N/Normal/30.jfif,Normal
/MPOX_N/Normal/31.jfif,Normal
/MPOX_N/Normal/32.jfif,Normal
/MPOX_N/Normal/33.jfif,Normal
/MPOX_N/Normal/34.jpg,Normal
/MPOX_N/Normal/35.jpg,Normal
/MPOX_N/Normal/36.jpg,Normal
/MPOX_N/Normal/37.jpg,Normal
/MPOX_N/Normal/38.jpg,Normal
/MPOX_N/Normal/39.jpg,Normal
/MPOX_N/Normal/40.jpg,Normal
/MPOX_N/Normal/41.jpg,Normal
/MPOX_N/Normal/42.jpg,Normal
/MPOX_N/Normal/43.jpg,Normal
/MPOX_N/Normal/44.jpg,Normal
/MPOX_N/Normal/45.jpg,Normal
/MPOX_N/Normal/46.jpg,Normal
/MPOX_N/Normal/47.jpg,Normal
/MPOX_N/Normal/48.jpg,Normal
/MPOX_N/Normal/49.jpg,Normal
/MPOX_N/Normal/50.jpg,Normal
/MPOX_N/Normal/51.jpg,Normal
/MPOX_N/Normal/52.jpg,Normal
/MPOX_N/Normal/53.jpg,Normal
/MPOX_N/Normal/54.jpg,Normal
/MPOX_N/Normal/55.jpg,Normal
/MPOX_N/Normal/56.jpg,Normal
/MPOX_N/Normal/57.jpg,Normal
/MPOX_N/Normal/58.jpg,Normal
/MPOX_N/Normal/59.jpg,Normal
/MPOX_N/Normal/60.jpg,Normal
/MPOX_N/Normal/61.jpg,Normal
/MPOX_N/Normal/62.jpg,Normal
/MPOX_N/Normal/63.jpg,Normal
/MPOX_N/Normal/64.jpg,Normal
/MPOX_N/Normal/65.jpg,Normal
/MPOX_N/Normal/66.jpg,Normal
/MPOX_N/Normal/67.jpg,Normal
/MPOX_N/Normal/68.jpg,Normal
/MPOX_N/Normal/69.jpg,Normal
/MPOX_N/Normal/70.jpg,Normal
/MPOX_N/Normal/71.jpg,Normal
/MPOX_N/Normal/72.jpg,Normal
/MPOX_N/Normal/73.jpg,Normal
/MPOX_N/Normal/74.jpg,Normal
/MPOX_N/Normal/75.jpg,Normal
/MPOX_N/Normal/76.jpg,Normal
/MPOX_N/Normal/77.jpg,Normal
/MPOX_N/Normal/78.jpg,Normal
/MPOX_N/Normal/79.jpg,Normal
/MPOX_N/Normal/80.jpg,Normal
/MPOX_N/Normal/81.jpg,Normal
/MPOX_N/Normal/82.jpg,Normal
/MPOX_N/Normal/83.jpg,Normal
/MPOX_N/Normal/84.jpg,Normal
/MPOX_N/Normal/85.jpg,Normal
/MPOX_N/Normal/86.jpg,Normal
/MPOX_N/Normal/87.jpg,Normal
/MPOX_N/Normal/88.jpg,Normal
/MPOX_N/Normal/89.jpg,Normal
/MPOX_N/Normal/90.jpg,Normal
/MPOX_N/Normal/91.jpg,Normal
/MPOX_N/Normal/92.jpg,Normal
/MPOX_N/Normal/93.jpg,Normal
/MPOX_N/Normal/94.jpg,Normal
/MPOX_N/Normal/95.jpg,Normal
/MPOX_N/Normal/96.jpg,Normal
/MPOX_N/Normal/97.jpg,Normal
/MPOX_N/Normal/98.jpg,Normal
/MPOX_N/Normal/99.jpg,Normal
/MPOX_N/Normal/100.jpg,Normal
/MPOX_N/Normal/101.jpg,Normal
/MPOX_N/Normal/102.jpg,Normal
/MPOX_N/Normal/103.jpg,Normal
/MPOX_N/Normal/104.jpg,Normal
/MPOX_N/Smallpox/1.jpg,Smallpox
/MPOX_N/Smallpox/2.jpg,Smallpox
/MPOX_N/Smallpox/3.jpg,Smallpox
/MPOX_N/Smallpox/4.jpg,Smallpox
/MPOX_N/Smallpox/5.jpg,Smallpox
/MPOX_N/Smallpox/6.jpg,Smallpox
/MPOX_N/Smallpox/7.jpg,Smallpox
/MPOX_N/Smallpox/8.jpg,Smallpox
/MPOX_N/Smallpox/9.jpg,Smallpox
/MPOX_N/Smallpox/10.jpg,Smallpox
/MPOX_N/Smallpox/11.jpg,Smallpox
/MPOX_N/Smallpox/12.jpg,Smallpox
/MPOX_N/Smallpox/13.jpg,Smallpox
/MPOX_N/Smallpox/14.jpg,Smallpox
/MPOX_N/Smallpox/15.jpg,Smallpox
/MPOX_N/Smallpox/16.jpg,Smallpox
/MPOX_N/Smallpox/17.jpg,Smallpox
/MPOX_N/Smallpox/18.jpg,Smallpox
/MPOX_N/Smallpox/19.jpg,Smallpox
/MPOX_N/Smallpox/20.jpg,Smallpox
/MPOX_N/Smallpox/21.jpg,Smallpox
/MPOX_N/Smallpox/22.jpg,Smallpox
/MPOX_N/Smallpox/23.jpg,Smallpox
/MPOX_N/Smallpox/24.jpg,Smallpox
/MPOX_N/Smallpox/25.jpg,Smallpox
/MPOX_N/Smallpox/26.jpg,Smallpox
/MPOX_N/Smallpox/27.jpg,Smallpox
/MPOX_N/Smallpox/28.jpg,Smallpox
/MPOX_N/Smallpox/29.jpg,Smallpox
/MPOX_N/Smallpox/30.jpg,Smallpox
/MPOX_N/Smallpox/31.jpg,Smallpox
/MPOX_N/Smallpox/32.jpg,Smallpox
/MPOX_N/Smallpox/33.jpg,Smallpox
/MPOX_N/Smallpox/34.jpg,Smallpox
/MPOX_N/Smallpox/35.jpg,Smallpox
/MPOX_N/Smallpox/36.jpg,Smallpox
/MPOX_N/Smallpox/37.jpg,Smallpox
/MPOX_N/Smallpox/38.jpg,Smallpox
/MPOX_N/Smallpox/39.jpg,Smallpox
/MPOX_N/Smallpox/40.jpg,Smallpox
/MPOX_N/Smallpox/41.jpg,Smallpox
/MPOX_N/Smallpox/42.jpg,Smallpox
/MPOX_N/Smallpox/43.jpg,Smallpox
/MPOX_N/Smallpox/44.jpg,Smallpox
/MPOX_N/Smallpox/45.jpg,Smallpox
/MPOX_N/Smallpox/46.jpg,Smallpox
/MPOX_N/Smallpox/47.jpg,Smallpox
/MPOX_N/Smallpox/48.jpg,Smallpox
/MPOX_N/Smallpox/49.jpg,Smallpox
/MPOX_N/Smallpox/50.jpg,Smallpox
/MPOX_N/Smallpox/51.jpg,Smallpox
/MPOX_N/Smallpox/52.jpg,Smallpox
/MPOX_N/Smallpox/53.jpg,Smallpox
/MPOX_N/Smallpox/54.jpg,Smallpox
/MPOX_N/Smallpox/55.jpg,Smallpox
/MPOX_N/Smallpox/56.jpg,Smallpox
/MPOX_N/Smallpox/57.jpg,Smallpox
/MPOX_N/Smallpox/58.jpg,Smallpox
/MPOX_N/Smallpox/59.jpg,Smallpox
/MPOX_N/Smallpox/60.jpg,Smallpox
/MPOX_N/Smallpox/61.jpg,Smallpox
/MPOX_N/Smallpox/62.jpg,Smallpox
/MPOX_N/Smallpox/63.jpg,Smallpox
/MPOX_N/Smallpox/64.jpg,Smallpox
/MPOX_N/Smallpox/65.jpg,Smallpox
/MPOX_N/Smallpox/66.jpg,Smallpox
/MPOX_N/Smallpox/67.jpg,Smallpox
/MPOX_N/Smallpox/68.jpg,Smallpox
/MPOX_N/Smallpox/69.jpg,Smallpox
/MPOX_N/Smallpox/70.jpg,Smallpox
/MPOX_N/Smallpox/71.jpg,Smallpox
/MPOX_N/Smallpox/72.jpg,Smallpox
/MPOX_N/Smallpox/73.jpg,Smallpox
/MPOX_N/Smallpox/74.jpg,Smallpox
/MPOX_N/Smallpox/75.jpg,Smallpox
/MPOX_N/Smallpox/76.jpg,Smallpox
/MPOX_N/Smallpox/77.jpg,Smallpox
/MPOX_N/Smallpox/78.jpg,Smallpox
/MPOX_N/Smallpox/79.jpg,Smallpox
/MPOX_N/Smallpox/80.jpg,Smallpox
/MPOX_N/Smallpox/81.jpg,Smallpox
/MPOX_N/Smallpox/82.jpg,Smallpox
/MPOX_N/Smallpox/83.jpg,Smallpox
/MPOX_N/Smallpox/84.jpg,Smallpox
/MPOX_N/Smallpox/85.jpg,Smallpox
/MPOX_N/Smallpox/86.jpg,Smallpox
/MPOX_N/Smallpox/87.jpg,Smallpox
/MPOX_N/Smallpox/88.jpg,Smallpox
/MPOX_N/Smallpox/89.jpg,Smallpox
/MPOX_N/Smallpox/90.jpg,Smallpox
/MPOX_N/Smallpox/91.jpg,Smallpox
/MPOX_N/Smallpox/92.jpg,Smallpox
/MPOX_N/Smallpox/93.jpg,Smallpox
/MPOX_N/Smallpox/94.jpg,Smallpox
/MPOX_N/Smallpox/95.jpg,Smallpox
/MPOX_N/Smallpox/96.jpg,Smallpox
/MPOX_N/Smallpox/97.jpg,Smallpox
/MPOX_N/Smallpox/98.jpg,Smallpox
/MPOX_N/Smallpox/99.jpg,Smallpox
/MPOX_N/Smallpox/100.jpg,Smallpox
/MPOX_N/Smallpox/101.jpg,Smallpox
/MPOX_N/Smallpox/102.jpg,Smallpox
/MPOX_N/Smallpox/103.jpg,Smallpox
/MPOX_N/Smallpox/104.jpg,Smallpox
/MPOX_N/Smallpox/105.jpg,Smallpox
/MPOX_N/Smallpox/106.jpg,Smallpox
/MPOX_N/Smallpox/107.jpg,Smallpox
/MPOX_N/Smallpox/108.jpg,Smallpox
/MPOX_N/Smallpox/109.jpg,Smallpox
/MPOX_N/Smallpox/110.jpg,Smallpox
/MPOX_N/Smallpox/111.jpg,Smallpox
/MPOX_N/Smallpox/112.jpg,Smallpox
/MPOX_N/Smallpox/113.jpg,Smallpox
/MPOX_N/Smallpox/114.jpg,Smallpox
/MPOX_N/Smallpox/115.jpg,Smallpox
/MPOX_N/Smallpox/116.jpg,Smallpox
/MPOX_N/Smallpox/117.jpg,Smallpox
/MPOX_N/Smallpox/118.jpg,Smallpox
/MPOX_N/Smallpox/119.jpg,Smallpox
/MPOX_N/Smallpox/120.jpg,Smallpox
/MPOX_N/Smallpox/121.jpg,Smallpox
/MPOX_N/Smallpox/122.jpg,Smallpox
/MPOX_N/Smallpox/123.jpg,Smallpox
/MPOX_N/Smallpox/124.jpg,Smallpox
/MPOX_N/Smallpox/125.jpg,Smallpox
/MPOX_N/Smallpox/126.jpg,Smallpox
/MPOX_N/Smallpox/127.jpg,Smallpox
/MPOX_N/Smallpox/128.jpg,Smallpox
/MPOX_N/Smallpox/129.jpg,Smallpox
/MPOX_N/Smallpox/130.jpg,Smallpox
/MPOX_N/Smallpox/131.jpg,Smallpox
/MPOX_N/Smallpox/132.jpg,Smallpox
/MPOX_N/Smallpox/133.jpg,Smallpox
/MPOX_N/Smallpox/134.jpg,Smallpox
/MPOX_N/Smallpox/135.jpg,Smallpox
/MPOX_N/Smallpox/136.jpg,Smallpox
/MPOX_N/Smallpox/137.jpg,Smallpox
/MPOX_N/Smallpox/138.jpg,Smallpox
/MPOX_N/Smallpox/139.jpg,Smallpox
/MPOX_N/Smallpox/140.jpg,Smallpox
/MPOX_N/Smallpox/141.jpg,Smallpox
/MPOX_N/Smallpox/142.jpg,Smallpox
/MPOX_N/Smallpox/143.jpg,Smallpox
/MPOX_N/Smallpox/144.jpg,Smallpox
/MPOX_N/Smallpox/145.jpg,Smallpox
/MPOX_N/Smallpox/146.jpg,Smallpox
/MPOX_N/Smallpox/147.jpg,Smallpox
/MPOX_N/Smallpox/148.jpg,Smallpox
/MPOX_N/Smallpox/149.jpg,Smallpox
/MPOX_N/Smallpox/150.jpg,Smallpox
/MPOX_N/Smallpox/151.jpg,Smallpox
/MPOX_N/Smallpox/152.jpg,Smallpox
/MPOX_N/Smallpox/153.jpg,Smallpox
/MPOX_N/Smallpox/154.jpg,Smallpox
/MPOX_N/Smallpox/155.jpg,Smallpox
/MPOX_N/Smallpox/156.jpg,Smallpox
/MPOX_N/Smallpox/157.jpg,Smallpox
/MPOX_N/Smallpox/158.jpg,Smallpox
/MPOX_N/Smallpox/159.jpg,Smallpox
/MPOX_N/Smallpox/160.jpg,Smallpox
/MPOX_N/Smallpox/161.jpg,Smallpox
/MPOX_N/Smallpox/162.jpg,Smallpox
/MPOX_N/Smallpox/163.jpg,Smallpox
/MPOX_N/Smallpox/164.jpg,Smallpox
/MPOX_N/Smallpox/165.jpg,Smallpox
/MPOX_N/Smallpox/166.jpg,Smallpox
/MPOX_N/Smallpox/167.jpg,Smallpox
/MPOX_N/Smallpox/168.jpg,Smallpox
/MPOX_N/Smallpox/169.jpg,Smallpox
/MPOX_N/Smallpox/170.jpg,Smallpox
/MPOX_N/Smallpox/171.jpg,Smallpox
/MPOX_N/Smallpox/172.jpg,Smallpox
/MPOX_N/Smallpox/173.jpg,Smallpox
/MPOX_N/Smallpox/174.jpg,Smallpox
/MPOX_N/Smallpox/175.jpg,Smallpox
/MPOX_N/Smallpox/176.jpg,Smallpox
/MPOX_N/Smallpox/177.jpg,Smallpox
/MPOX_N/Smallpox/178.jpg,Smallpox
/MPOX_N/Smallpox/179.jpg,Smallpox
/MPOX_N/Smallpox/180.jpg,Smallpox
/MPOX_N/Smallpox/181.jpg,Smallpox
/MPOX_N/Smallpox/182.jpg,Smallpox
/MPOX_N/Smallpox/183.jpg,Smallpox
/MPOX_N/Smallpox/184.jpg,Smallpox
/MPOX_N/Smallpox/185.jpg,Smallpox
/MPOX_N/Smallpox/186.jpg,Smallpox
/MPOX_N/Smallpox/187.jpg,Smallpox
/MPOX_N/Smallpox/188.jpg,Smallpox
/MPOX_N/Smallpox/189.jpg,Smallpox
/MPOX_N/Smallpox/190.jpg,Smallpox
/MPOX_N/Smallpox/191.jpg,Smallpox
/MPOX_N/Smallpox/192.jpg,Smallpox
/MPOX_N/Smallpox/193.jpg,Smallpox
/MPOX_N/Smallpox/194.jpg,Smallpox
/MPOX_N/Smallpox/195.jpg,Smallpox
/MPOX_N/Smallpox/196.jpg,Smallpox
/MPOX_N/Smallpox/197.jpg,Smallpox
/MPOX_N/Smallpox/198.jpg,Smallpox
/MPOX_N/Smallpox/199.jpg,Smallpox
/MPOX_N/Smallpox/200.jpg,Smallpox
/MPOX_N/Smallpox/201.jpg,Smallpox
/MPOX_N/Smallpox/202.jpg,Smallpox
/MPOX_N/Smallpox/203.jpg,Smallpox
/MPOX_N/Smallpox/204.jpg,Smallpox
/MPOX_N/Smallpox/205.jpg,Smallpox
/MPOX_N/Smallpox/206.jpg,Smallpox
/MPOX_N/Smallpox/207.jpg,Smallpox
/MPOX_N/Smallpox/208.jpg,Smallpox
/MPOX_N/Smallpox/209.jpg,Smallpox
/MPOX_N/Smallpox/210.jpg,Smallpox
/MPOX_N/Smallpox/211.jpg,Smallpox
/MPOX_N/Smallpox/212.jpg,Smallpox
/MPOX_N/Smallpox/213.jpg,Smallpox
/MPOX_N/Smallpox/214.jpg,Smallpox
/MPOX_N/Smallpox/215.jpg,Smallpox
/MPOX_N/Smallpox/216.jpg,Smallpox
/MPOX_N/Smallpox/217.jpg,Smallpox
/MPOX_N/Smallpox/218.jpg,Smallpox
/MPOX_N/Smallpox/219.jpg,Smallpox
/MPOX_N/Smallpox/220.jpg,Smallpox
/MPOX_N/Smallpox/221.jpg,Smallpox
/MPOX_N/Smallpox/222.jpg,Smallpox
/MPOX_N/Smallpox/223.jpg,Smallpox
/MPOX_N/Smallpox/224.jpg,Smallpox
/MPOX_N/Smallpox/225.jpg,Smallpox
/MPOX_N/Smallpox/226.jpg,Smallpox
/MPOX_N/Smallpox/227.jpg,Smallpox
/MPOX_N/Smallpox/228.jpg,Smallpox
/MPOX_N/Smallpox/229.jpg,Smallpox
/MPOX_N/Smallpox/230.jpg,Smallpox
/MPOX_N/Smallpox/231.jpg,Smallpox
/MPOX_N/Smallpox/232.jpg,Smallpox
/MPOX_N/Smallpox/233.jpg,Smallpox
/MPOX_N/Smallpox/234.jpg,Smallpox
/MPOX_N/Smallpox/235.jpg,Smallpox
/MPOX_N/Smallpox/236.jpg,Smallpox
/MPOX_N/Smallpox/237.jpg,Smallpox
/MPOX_N/Smallpox/238.jpg,Smallpox
/MPOX_N/Smallpox/239.jpg,Smallpox
/MPOX_N/Smallpox/240.jpg,Smallpox
/MPOX_N/Smallpox/241.jpg,Smallpox
/MPOX_N/Smallpox/242.jpg,Smallpox
/MPOX_N/Smallpox/243.jpg,Smallpox
/MPOX_N/Smallpox/244.jpg,Smallpox
/MPOX_N/Smallpox/245.jpg,Smallpox
/MPOX_N/Smallpox/246.jpg,Smallpox
/MPOX_N/Smallpox/247.jpg,Smallpox
/MPOX_N/Smallpox/248.jpg,Smallpox
/MPOX_N/Smallpox/249.jpg,Smallpox
/MPOX_N/Smallpox/250.jpg,Smallpox
/MPOX_N/Smallpox/251.jpg,Smallpox
/MPOX_N/Smallpox/252.jpg,Smallpox
/MPOX_N/Smallpox/253.jpg,Smallpox
/MPOX_N/Smallpox/254.jpg,Smallpox
/MPOX_N/Smallpox/255.jpg,Smallpox
/MPOX_N/Smallpox/256.jpg,Smallpox
/MPOX_N/Smallpox/257.jpg,Smallpox
/MPOX_N/Smallpox/258.jpg,Smallpox
/MPOX_N/Smallpox/259.jpg,Smallpox
/MPOX_N/Smallpox/260.jpg,Smallpox
/MPOX_N/Smallpox/261.jpg,Smallpox
/MPOX_N/Smallpox/262.jpg,Smallpox
/MPOX_N/Smallpox/263.jpg,Smallpox
/MPOX_N/Smallpox/264.jpg,Smallpox
/MPOX_N/Smallpox/265.jpg,Smallpox
/MPOX_N/Smallpox/266.jpg,Smallpox
/MPOX_N/Smallpox/267.jpg,Smallpox
/MPOX_N/Smallpox/268.jpg,Smallpox
/MPOX_N/Smallpox/269.jpg,Smallpox
/MPOX_N/Smallpox/270.jpg,Smallpox
/MPOX_N/Smallpox/271.jpg,Smallpox
/MPOX_N/Smallpox/272.jpg,Smallpox
/MPOX_N/Smallpox/273.jpg,Smallpox
/MPOX_N/Smallpox/274.jpg,Smallpox
/MPOX_N/Smallpox/275.jpg,Smallpox
/MPOX_N/Smallpox/276.jpg,Smallpox
/MPOX_N/Smallpox/277.jpg,Smallpox
/MPOX_N/Smallpox/278.jpg,Smallpox
/MPOX_N/Smallpox/279.jpg,Smallpox
/MPOX_N/Smallpox/280.jpg,Smallpox
/MPOX_N/Smallpox/281.jpg,Smallpox
/MPOX_N/Smallpox/282.jpg,Smallpox
/MPOX_N/Smallpox/283.jpg,Smallpox
/MPOX_N/Smallpox/284.jpg,Smallpox
/MPOX_N/Smallpox/285.jpg,Smallpox
/MPOX_N/Smallpox/286.jpg,Smallpox
/MPOX_N/Smallpox/287.jpg,Smallpox
/MPOX_N/Smallpox/288.jpg,Smallpox
/MPOX_N/Smallpox/289.jpg,Smallpox
/MPOX_N/Smallpox/290.jpg,Smallpox
/MPOX_N/Smallpox/291.jpg,Smallpox
/MPOX_N/Smallpox/292.jpg,Smallpox
/MPOX_N/Smallpox/293.jpg,Smallpox
/MPOX_N/Smallpox/294.jpg,Smallpox
/MPOX_N/Smallpox/295.jpg,Smallpox
/MPOX_N/Smallpox/296.jpg,Smallpox
/MPOX_N/Smallpox/297.jpg,Smallpox
/MPOX_N/Smallpox/298.jpg,Smallpox
/MPOX_N/Smallpox/299.jpg,Smallpox
/MPOX_N/Smallpox/300.jpg,Smallpox
/MPOX_N/Smallpox/301.jpg,Smallpox
/MPOX_N/Smallpox/302.jpg,Smallpox
/MPOX_N/Smallpox/303.jpg,Smallpox
/MPOX_N/Smallpox/304.jpg,Smallpox
/MPOX_N/Smallpox/305.jpg,Smallpox
/MPOX_N/Smallpox/306.jpg,Smallpox
/MPOX_N/Smallpox/307.jpg,Smallpox
/MPOX_N/Smallpox/308.jpg,Smallpox
/MPOX_N/Smallpox/309.jpg,Smallpox
/MPOX_N/Smallpox/310.jpg,Smallpox
/MPOX_N/Smallpox/311.jpg,Smallpox
/MPOX_N/Smallpox/312.jpg,Smallpox
/MPOX_N/Smallpox/313.jpg,Smallpox
/MPOX_N/Smallpox/314.jpg,Smallpox
/MPOX_N/Smallpox/315.jpg,Smallpox
/MPOX_N/Smallpox/316.jpg,Smallpox
/MPOX_N/Smallpox/317.jpg,Smallpox
/MPOX_N/Smallpox/318.jpg,Smallpox
/MPOX_N/Smallpox/319.jpg,Smallpox
/MPOX_N/Smallpox/320.jpg,Smallpox
/MPOX_N/Smallpox/321.jpg,Smallpox
/MPOX_N/Smallpox/322.jpg,Smallpox
/MPOX_N/Smallpox/323.jpg,Smallpox
/MPOX_N/Smallpox/324.jpg,Smallpox
/MPOX_N/Smallpox/325.jpg,Smallpox
/MPOX_N/Smallpox/326.jpg,Smallpox
/MPOX_N/Smallpox/327.jpg,Smallpox
/MPOX_N/Smallpox/328.jpg,Smallpox
/MPOX_N/Smallpox/329.jpg,Smallpox
/MPOX_N/Smallpox/330.jpg,Smallpox
/MPOX_N/Smallpox/331.jpg,Smallpox
/MPOX_N/Smallpox/332.jpg,Smallpox
/MPOX_N/Smallpox/333.jpg,Smallpox
/MPOX_N/Smallpox/334.jpg,Smallpox
/MPOX_N/Smallpox/335.jpg,Smallpox
/MPOX_N/Smallpox/336.jpg,Smallpox
/MPOX_N/Smallpox/337.jpg,Smallpox
/MPOX_N/Smallpox/338.jpg,Smallpox
/MPOX_N/Smallpox/339.jpg,Smallpox
/MPOX_N/Smallpox/340.jpg,Smallpox
/MPOX_N/Smallpox/341.jpg,Smallpox
/MPOX_N/Smallpox/342.jpg,Smallpox
/MPOX_N/Smallpox/343.jpg,Smallpox
/MPOX_N/Smallpox/344.jpg,Smallpox
/MPOX_N/Smallpox/345.jpg,Smallpox
/MPOX_N/Smallpox/346.jpg,Smallpox
/MPOX_N/Smallpox/347.jpg,Smallpox
/MPOX_N/Smallpox/348.jpg,Smallpox
/MPOX_N/Smallpox/349.jpg,Smallpox
/MPOX_N/Smallpox/350.jpg,Smallpox
/MPOX_N/Smallpox/351.jpg,Smallpox
/MPOX_N/Smallpox/352.jpg,Smallpox
/MPOX_N/Smallpox/353.jpg,Smallpox
/MPOX_N/Smallpox/354.jpg,Smallpox
/MPOX_N/Smallpox/355.jpg,Smallpox
/MPOX_N/Smallpox/356.jpg,Smallpox
/MPOX_N/Smallpox/357.jpg,Smallpox
/MPOX_N/Smallpox/358.jpg,Smallpox
